"source","target","weight_draw"
642,16173,0.394907645648345
642,20235,0.18946347432211
642,20331,0.235686215106398
642,20866,0.779858282767236
642,21034,0.68745462060906
642,21181,0.484970228979364
642,33895,0.524421142879874
642,33906,0.943405651953071
642,33909,0.364837154978886
642,33912,0.449836054351181
642,33915,0.626318152761087
642,33919,0.600344225764275
642,33924,0.459966029040515
642,33925,0.890627233311534
642,33928,0.878465047106147
642,33930,0.297942477744073
642,33933,0.979584490414709
642,33937,0.832269489997998
1024,1959,0.697158872382715
1024,8459,0.356491140788421
1024,9553,0.659555627964437
1024,22909,0.157690038438886
1024,23709,0.0694306192453951
1024,25035,0.686656665056944
1024,52172,0.266466195229441
1168,5235,0.704982106341049
1168,6396,0.95383106963709
1168,6424,0.497136186342686
1168,11850,0.296953074401245
1168,11853,0.896533067570999
1168,11932,0.977178153349087
1168,16173,0.363489541225135
1168,20059,0.112220575567335
1168,20290,0.471362139564008
1168,20331,0.545875325798988
1168,20754,0.354839720763266
1168,20875,0.918149776523933
1168,20898,0.505037083989009
1168,21242,0.00778768374584615
1168,30016,0.650279709137976
1168,33588,0.138555472251028
1168,63299,0.808798115234822
1168,73247,0.19900414859876
1784,24184,0.568116450915113
1784,91019,0.0752797317691147
1784,91421,0.244226708076894
1784,91427,0.594182336237282
1784,91437,0.0801545265130699
1784,91438,0.12657336355187
1784,91441,0.0372577884700149
1784,91445,0.682656527496874
1784,91446,0.883637898601592
1959,2940,0.243922345805913
1959,8513,0.519696976989508
1959,9553,0.296153358649462
1959,10553,0.145645490149036
1959,11287,0.391278651310131
1959,11467,0.821299314498901
1959,11698,0.689698902657256
1959,14778,0.228056986117736
1959,22989,0.444007723592222
1959,23089,0.915108531247824
1959,23177,0.314898682758212
1959,23225,0.477430853527039
1959,43141,0.29539342969656
1959,43193,0.774872915353626
1959,61601,0.759167447686195
2170,11698,0.289147474104539
2206,11853,0.558403945993632
2206,16173,0.304402298294008
2206,20235,0.88085403945297
2206,20898,0.366187712643296
2845,5962,0.0834180905949324
2845,8476,0.126305361976847
2845,9553,0.270933330059052
2845,12367,0.152188632404432
2845,17373,0.637941455468535
2845,20875,0.189039632445201
2845,22909,0.949735857546329
2845,23709,0.723382002208382
2845,25035,0.347376480931416
2845,27977,0.386264710919932
2845,39552,0.230623943498358
2845,49959,0.889859180897474
2845,62356,0.117684839759022
2845,88014,0.000113685615360737
2845,88222,0.148816047469154
2845,121790,0.878458542283624
2845,122021,0.552463860949501
2845,122058,0.218124399660155
2845,226546,0.036409645806998
2845,280137,0.127828459488228
2940,11698,0.584731656359509
2940,27977,0.627559169661254
2940,122234,0.338106956332922
5065,8513,0.151693758321926
5065,27977,0.130026978207752
5235,11932,0.790522788418457
5235,14778,0.176174390828237
5235,16173,0.881372758885846
5235,18625,0.834874862339348
5235,20059,0.932047555688769
5235,20290,0.333780585089698
5235,20840,0.185042024357244
5235,20875,0.0175777552649379
5235,20898,0.464791873237118
5235,21034,0.395873744273558
5235,30016,0.535506720189005
5235,30361,0.71653914754279
5235,35772,0.41855330276303
5235,37323,0.397836399730295
5235,90496,0.853386338334531
5235,92601,0.752511768136173
5235,123339,0.580844014650211
5235,167918,0.765268832677975
5564,8459,0.877181398915127
5564,12951,0.40023293835111
5829,69822,0.651397874346003
5829,94739,0.980461066123098
5829,106990,0.443934577982873
5829,107479,0.68809631629847
5829,107900,0.479204255156219
5926,11850,0.932338964194059
5926,16173,0.770249328576028
5926,20235,0.193692738655955
5926,21082,0.25671929307282
5926,24556,0.201685966691002
5926,25989,0.511949451174587
5926,31905,0.396201292518526
5926,172900,0.758338692365214
5962,39552,0.833804936381057
5962,122058,0.829061379423365
6019,63633,0.764397838385776
6019,69822,0.700681876158342
6019,104607,0.814133400563151
6019,105850,0.273265482159331
6019,106990,0.858013079501688
6019,112156,0.075206913985312
6019,157665,0.86781642283313
6019,420732,0.130349510349333
6394,6414,0.533374042483047
6394,134033,0.164347826503217
6396,11857,0.538720021722838
6396,12367,0.860877528320998
6396,20059,0.444554719608277
6396,20290,0.958984803874046
6396,20898,0.133372545707971
6396,21034,0.467640531715006
6396,21059,0.539716774132103
6396,21063,0.956386299803853
6396,30016,0.192169637652114
6396,30350,0.277857440989465
6396,33909,0.83167937095277
6396,73247,0.568556507816538
6396,125674,0.805031013907865
6396,177411,0.220813677180558
6396,177445,0.113762402907014
6414,14746,0.0839536644052714
6414,22250,0.407211251091212
6414,24421,0.418276221491396
6414,33569,0.2058747690171
6414,101356,0.039347458165139
6414,134033,0.646123918704689
6414,134042,0.0904997319448739
6414,178144,0.629459081683308
6424,11853,0.823874365072697
6424,11932,0.0955346904229373
6424,16173,0.26288079097867
6424,18625,0.558816211763769
6424,19989,0.620110656833276
6424,20290,0.356276879785582
6424,20754,0.076209285762161
6424,20875,0.961936151608825
6424,21242,0.292312810663134
6424,30016,0.575933072483167
6424,73247,0.877936714095995
6424,179183,0.0438766172155738
6442,18625,0.450582484016195
6442,20290,0.409021637868136
7357,184537,0.975095714209601
7357,184557,0.0859341660980135
7357,184564,0.396017421269789
7357,184567,0.592004943871871
7357,184568,0.102319086669013
7357,184583,0.634012495866045
8258,27977,0.508331315359101
8391,191011,0.225440594367683
8459,180201,0.0449570373166353
8476,14778,0.91538302320987
8513,12367,0.589576236903667
8513,23709,0.58375854161568
8513,48542,0.994883361971006
8513,125146,0.359364584321156
8513,156927,0.272567863343284
8513,193992,0.318617896642536
9553,11287,0.188180970726535
9553,20790,0.798781277379021
9553,21066,0.853525807382539
9553,25035,0.175688049755991
9553,27977,0.886272617382929
10553,11287,0.0460760344285518
10553,14778,0.364578223321587
10553,20235,0.959789784625173
10553,27977,0.84554277267307
11287,23089,0.845381770748645
11287,23225,0.335294747725129
11287,27977,0.475601283367723
11287,43141,0.714435653761029
11287,64005,0.633580124005675
11287,158765,0.532658593263477
11287,171239,0.90084147430025
11287,206917,0.738023583777249
11332,20080,0.560206279624254
11332,20290,0.941260813269764
11332,20898,0.563383202767
11332,21063,0.333877236815169
11332,30016,0.439706269418821
11332,37187,0.251861055148765
11332,74522,0.349534393986687
11467,27977,0.521950769703835
11511,74522,0.0637607804965228
11511,207943,0.0128558680880815
11511,367021,0.724971868330613
11850,11853,0.0825313052628189
11850,11857,0.417591312667355
11850,11932,0.26512910076417
11850,16173,0.112038709688932
11850,20235,0.710847986396402
11850,20331,0.522877183975652
11850,23585,0.0235907570458949
11850,24421,0.0404143130872399
11853,11932,0.694571681087837
11853,16173,0.487158801406622
11853,19989,0.963986696209759
11853,20059,0.036902007414028
11853,20235,0.536076099378988
11853,63299,0.336453255964443
11857,11932,0.061897206120193
11857,19989,0.06045649969019
11857,20059,0.198846372310072
11857,20290,0.438343365676701
11857,25119,0.710493613034487
11932,16173,0.481733343331143
11932,19989,0.240965058328584
11932,20059,0.912562452722341
11932,20290,0.247219895245507
11932,20875,0.418128068791702
11932,21082,0.212130018509924
11932,21181,0.852373229572549
11932,21262,0.0118547442834824
11932,33895,0.726444688159972
11932,33915,0.479227034840733
11932,33928,0.401080051669851
11932,63299,0.517103501828387
11932,73247,0.931812455644831
11932,74691,0.183833819581196
11932,125674,0.100248619215563
11932,177475,0.587790544843301
11932,179344,0.718716699630022
11932,208209,0.392990834545344
11932,210145,0.665731285233051
11932,210675,0.857943740440533
12367,16173,0.00113384495489299
14184,126038,0.729257248574868
14184,390883,0.325065974611789
14746,33569,0.258883116999641
14746,101356,0.0826944645959884
14778,16173,0.9241111879237
14778,22690,0.333839460974559
14778,25989,0.193807047093287
14778,35772,0.378807059489191
14778,49968,0.48575726733543
14778,56985,0.607805020175874
14778,57217,0.231501171831042
14778,72897,0.401866982923821
14778,88222,0.318089216249064
14778,103905,0.215820701327175
14778,110789,0.677886601770297
14778,219262,0.346656472189352
14778,219290,0.274371965788305
14778,219300,0.682114423718303
14778,219309,0.317154102725908
14778,219314,0.803382939659059
14778,219323,0.610322001157328
14778,219325,0.143160443287343
14778,219370,0.171491873450577
14778,219372,0.581266894703731
14778,219375,0.769880492938682
14926,219751,0.59909070469439
14926,219752,0.882187979063019
14926,219761,0.486802924890071
16173,18625,0.807942287996411
16173,20059,0.206314188195392
16173,20235,0.374451230280101
16173,20290,0.517686687409878
16173,20331,0.533458589110523
16173,20790,0.236961339833215
16173,20898,0.924640725832433
16173,21034,0.621732642641291
16173,21059,0.78538805921562
16173,21063,0.674828556831926
16173,21066,0.362064176704735
16173,21082,0.0239944888744503
16173,21181,0.0566850879695266
16173,21262,0.864144443767145
16173,30016,0.55168922431767
16173,37323,0.028987534577027
16173,125689,0.321085168747231
16173,210315,0.990804992616177
17319,142190,0.451649249531329
17319,145235,0.349334395956248
17319,151505,0.761318983510137
17319,224756,0.256553675746545
17319,224769,0.946050056256354
17373,226546,0.64338101237081
17829,154601,0.128241412574425
18528,20235,0.163465899648145
18528,20290,0.885587733704597
18528,20898,0.208885377738625
18528,30016,0.68386556301266
18548,230368,0.929646087344736
18548,230369,0.230014050612226
18625,20059,0.236006691353396
18625,20290,0.900346532696858
18625,20790,0.38703202502802
18625,20898,0.923596629407257
18625,30016,0.838512885384262
18625,37323,0.975669534178451
18625,115881,0.0371776081155986
18625,230440,0.915216388646513
18625,230443,0.77575309202075
18680,30350,0.974458956392482
18680,106701,0.662424199050292
18680,125689,0.687524841632694
18680,153291,0.362261797068641
18680,179202,0.559287946671247
18826,35772,0.013495648978278
18826,60931,0.510379324667156
18826,86094,0.0123331088107079
18826,165441,0.967713958583772
18826,231070,0.692304568830878
18826,231071,0.444812260335311
18826,231852,0.24453269620426
18826,231854,0.855277774855494
18826,231858,0.8838957301341
19168,27977,0.903048135573044
19989,20754,0.433093540603295
19989,21034,0.859072567895055
19989,21066,0.619754520710558
19989,21242,0.45719831995666
19989,33588,0.286511924117804
19989,71076,0.422890145797282
20059,20290,0.721973993815482
20059,20898,0.436905384995043
20059,25119,0.810770474839956
20059,30016,0.299168311990798
20059,93803,0.00535082770511508
20080,20235,0.720248723169789
20080,25119,0.626026745885611
20080,125689,0.424255146179348
20235,20290,0.0142228768672794
20235,20331,0.166158778825775
20235,20790,0.2849088574294
20235,20866,0.234634725144133
20235,20875,0.902817177120596
20235,20898,0.892236226936802
20235,21034,0.0104920156300068
20235,21063,0.565076406579465
20235,21066,0.0482059216592461
20235,21262,0.184899890562519
20235,25119,0.541551935952157
20235,30016,0.837476941291243
20235,33906,0.97833987721242
20235,95305,0.828193010529503
20235,103141,0.420826864661649
20290,20331,0.522841000463814
20290,20790,0.0880709732882679
20290,20875,0.628977224929258
20290,20898,0.956899489741772
20290,21059,0.00181164615787566
20290,21063,0.895248850807548
20290,21066,0.533561309333891
20290,25119,0.326568953692913
20290,30016,0.692841066978872
20290,37187,0.636066717794165
20290,37323,0.248405597405508
20290,55822,0.59757830039598
20290,94804,0.0961464366409928
20290,95305,0.890784165356308
20290,111618,0.626680979970843
20290,115881,0.483026508940384
20290,125587,0.427087685558945
20290,125611,0.967069923644885
20290,133178,0.184797007357702
20290,177411,0.990633710986003
20290,177475,0.461272085085511
20290,179183,0.832103175111115
20290,179279,0.324677962111309
20290,179344,0.959742950741202
20290,210145,0.855940695852041
20290,210315,0.703582487301901
20290,230440,0.363136220723391
20290,230443,0.898256689310074
20331,20790,0.229934413684532
20331,20898,0.60345903178677
20331,21034,0.420719275716692
20331,21063,0.559861665824428
20331,25119,0.595274606021121
20331,30016,0.37033817358315
20754,21034,0.0286133910994977
20754,21181,0.64786509051919
20754,21242,0.670571818714961
20754,33924,0.87287948676385
20754,74691,0.825154103105888
20754,93365,0.154649460688233
20754,172900,0.996083876816556
20790,20898,0.803107003914192
20790,21063,0.423384362598881
20790,21066,0.76549231284298
20790,21262,0.181105034425855
20790,24421,0.356542970985174
20790,30016,0.0443788396660239
20790,31905,0.656799664488062
20790,33569,0.453510933322832
20790,33919,0.0625732198823243
20790,60993,0.993548911530524
20790,73247,0.935904176672921
20790,83813,0.534075926057994
20790,95305,0.366457666503266
20790,101356,0.341238433960825
20790,134033,0.18261522706598
20790,172900,0.0882575605064631
20840,177475,0.445271973730996
20866,20875,0.798394679790363
20866,21034,0.196900783106685
20866,33895,0.253582720644772
20866,33906,0.242508037714288
20866,33909,0.362322218716145
20866,33928,0.156990698771551
20866,33937,0.600010313792154
20875,20898,0.510927960276604
20875,21034,0.962443219963461
20875,21181,0.272416101535782
20875,30016,0.0553058958612382
20875,33895,0.760509858839214
20875,33928,0.542848449898884
20875,92601,0.0437700306065381
20875,125587,0.572636300465092
20898,21059,0.705081955529749
20898,21066,0.61382676823996
20898,30016,0.575248471926898
20898,55822,0.192415989004076
20898,60993,0.99638231145218
20898,74691,0.654419117607176
20898,93803,0.0231295712292194
20898,94804,0.457293709507212
20898,111618,0.44455849356018
20898,115881,0.0908624473959208
20898,125587,0.0378996354993433
20898,125674,0.607830316293985
20898,133178,0.337115717120469
20898,177411,0.95917791640386
20898,179279,0.132414998719469
20898,179320,0.0535570948850363
20898,215455,0.805657254299149
21034,33895,0.191274368902668
21034,33909,0.247269812505692
21034,33915,0.601363240741193
21034,33919,0.402506431564689
21034,33924,0.840659207431599
21034,33925,0.794218607945368
21034,33928,0.160957135725766
21034,33937,0.246726413490251
21034,178545,0.0743976603262126
21034,179183,0.753337870584801
21059,30016,0.103583923541009
21059,73247,0.929497043136507
21063,30016,0.460245308466256
21063,74522,0.925951489247382
21063,93803,0.347537581343204
21066,21262,0.0265146198216826
21066,24421,0.00292134378105402
21066,30016,0.900076679186895
21066,60993,0.0753675873856992
21066,95305,0.731425402918831
21066,125674,0.826833550585434
21066,177411,0.515269732801244
21181,33895,0.382882308913395
21181,33915,0.037284484365955
21181,33928,0.921510877553374
21181,33930,0.670492481207475
21242,73247,0.0407630698755383
21242,74691,0.810865118633956
21262,73247,0.960754221770912
21262,252195,0.893825621111318
22250,24421,0.157219922868535
22250,33569,0.191438196459785
22250,134033,0.969360143179074
22250,178144,0.0195582541637123
22250,258526,0.32267377874814
22690,57217,0.564363449113443
22700,27977,0.461416912497953
22909,27977,0.528088426450267
22909,139155,0.469979803077877
22943,126038,0.0278611273970455
23218,54381,0.569481808925048
23218,69553,0.0202577980235219
23218,262394,0.334732988849282
23218,262397,0.566656501032412
23218,262398,0.881526471348479
23218,262400,0.343322318047285
23585,30361,0.692134246462956
23585,181001,0.813216244103387
23585,181002,0.530965183163062
24254,112183,0.517520382069051
24254,154601,0.757779480423778
24254,267700,0.101728989509866
24254,267701,0.854888269910589
24421,31905,0.150535516440868
24421,33569,0.489531124709174
24421,258526,0.0683066679630429
24556,27977,0.986586095998064
24556,48542,0.0400087940506637
24556,122234,0.570253745187074
24556,228831,0.89247828302905
24556,269115,0.870506265899166
25035,27977,0.266485198400915
25035,88014,0.446288188686594
25119,30016,0.436602469300851
25989,208450,0.290933771524578
27977,35371,0.847878342028707
27977,39133,0.068445009412244
27977,43141,0.816408145008609
27977,52172,0.691426927689463
27977,54726,0.424900824902579
27977,60993,0.94973105378449
27977,61601,0.878114637453109
27977,87490,0.801640789490193
27977,88014,0.128996194340289
27977,125843,0.108007436618209
27977,125941,0.312683866359293
27977,126912,0.556980521418154
27977,139712,0.842881316784769
27977,184231,0.00856732949614525
27977,184690,0.881816927576438
27977,202670,0.766015730798244
27977,280059,0.010585114127025
27977,281505,0.822099017910659
27977,281508,0.698722178582102
27977,281522,0.746165263000876
27977,281527,0.625984335783869
27977,281549,0.775011305464432
27977,281551,0.304484154330567
27977,281562,0.32675094041042
27977,281563,0.165546258445829
27977,281567,0.70186237199232
27977,281573,0.352043065940961
27977,281604,0.408507541753352
27977,281613,0.425450992072001
27977,281615,0.0102477034088224
27977,281618,0.140167660079896
28643,177445,0.0336866013240069
28643,283294,0.505113363964483
29233,284785,0.575318497372791
30016,37187,0.834912976017222
30016,37323,0.253254144685343
30016,55822,0.52557846554555
30016,60993,0.30417635012418
30016,94804,0.939062969991937
30016,95305,0.289507546229288
30016,111618,0.12962084566243
30016,115881,0.583947283914313
30016,125587,0.447707608342171
30016,133178,0.0715936801861972
30016,172900,0.316717860754579
30016,179183,0.943224470829591
30016,179279,0.503797684796154
30016,179344,0.505792720010504
30016,210145,0.685899652773514
30016,210315,0.633407281246036
30016,210675,0.693686524871737
30016,230440,0.0783297291491181
30016,230443,0.436963700689375
30350,94804,0.900182521669194
30350,154601,0.265222743386403
30350,179202,0.906891665654257
30350,288930,0.0593230912927538
30361,42633,0.0920339182484895
30361,181001,0.252527396427467
30361,181002,0.91730937291868
31472,111559,0.324343511136249
33569,101356,0.262763189617544
33569,134033,0.0239024735055864
33569,258526,0.527597172185779
33895,33915,0.966219678521156
33895,33924,0.698420404922217
33895,33928,0.142462170217186
33895,74691,0.705412801355124
33895,208450,0.800746812485158
33906,33919,0.687774610240012
33906,208450,0.0636212022509426
33915,33919,0.282689919462427
33915,33925,0.00996775063686073
33915,33928,0.462518852204084
33915,33937,0.362994872964919
33915,35772,0.635671712690964
33915,75046,0.197416572133079
33915,208450,0.470172269269824
33919,33937,0.284079753793776
35772,60931,0.904139410238713
35772,86094,0.959681062726304
35772,97447,0.833896482596174
35772,97466,0.874881198164076
35772,165441,0.0679285565856844
35772,176663,0.74412304488942
35772,231064,0.864432235714048
35772,231070,0.362138367490843
35772,231071,0.253312276909128
38044,98175,0.697413120884448
38044,183845,0.978623795090243
38044,226629,0.855613894294947
38044,226704,0.64777707727626
38044,307592,0.509803707711399
38044,307593,0.595897218678147
38044,307595,0.553005868103355
38044,307597,0.934842121787369
38044,307598,0.776916166068986
38044,307599,0.326843357179314
38044,508723,0.964605314657092
38393,73247,0.191768280230463
39552,121790,0.800237495452166
39552,122058,0.667153531452641
39552,149447,0.721383009804413
39552,280165,0.96877726749517
39552,311499,0.775403219042346
42633,181001,0.899314208654687
42633,181002,0.257002105936408
47477,322128,0.298927157651633
47477,322131,0.562093243701383
51476,327793,0.233506101649255
54726,237315,0.772573041031137
58478,224769,0.583592201583087
60931,97447,0.517699122894555
60931,97466,0.670264611719176
60931,129741,0.99771701078862
60931,176663,0.434733033180237
60931,231852,0.960459248628467
60931,231854,0.0341293655801564
60931,231858,0.499089019373059
60938,91207,0.683944070246071
60938,342372,0.823308582184836
60993,210315,0.177512280410156
61601,343497,0.010438397526741
61906,71076,0.496346746338531
61906,343949,0.322243495378643
63633,69822,0.699879716848955
63633,94739,0.336215366376564
63633,104607,0.836121733766049
63633,106990,0.477895457996055
63633,107479,0.382537528639659
63633,107900,0.643714899662882
63633,112149,0.951883803121746
63633,112156,0.572427589679137
63633,195309,0.0880327504128218
69822,104607,0.499407371738926
69822,105850,0.393309929873794
69822,106990,0.0438131880946457
69822,107309,0.559156968025491
69822,107422,0.408947928110138
69822,107479,0.766185468062758
69822,117045,0.351730840513483
69822,157665,0.582877491833642
69822,157711,0.545475968858227
69822,171239,0.802205401239917
69822,171246,0.000259500229731202
69822,405896,0.241571466904134
71076,112183,0.11253401171416
71076,360418,0.0756352555472404
71076,360595,0.88092983700335
73247,86811,0.951689813751727
73247,93365,0.95754500082694
73247,125611,0.0288149905391037
73247,125674,0.102470828453079
73247,179344,0.460188020952046
73247,186118,0.221650982508436
73247,223123,0.965695796534419
73247,238898,0.995096611557528
73247,241662,0.102952909190208
73247,334840,0.287476595956832
73247,365813,0.160544370301068
73247,365815,0.810902829049155
73247,365817,0.0728209279477596
73247,365818,0.901690264465287
73247,365819,0.90464923530817
73247,365821,0.287637662608176
74522,367021,0.636822348693386
74691,92601,0.894050241913646
75922,369566,0.0843338631093502
83815,382369,0.235238758847117
83815,382370,0.337924575665966
86094,92601,0.187213852303103
86094,97447,0.484123951988295
86094,97466,0.252525581978261
86094,129741,0.331717033172026
86094,165441,0.978963273577392
86094,167918,0.408274886198342
86094,231064,0.298808534163982
86094,231852,0.530240857275203
86094,231854,0.56113138073124
88557,94425,0.705409248359501
88557,186954,0.144091510679573
88557,238284,0.426338318968192
88557,319142,0.0982709873933345
88557,390520,0.383152080699801
88557,390521,0.820927931228653
88557,390523,0.822159377159551
90496,306176,0.94487731391564
91207,132720,0.174249231815338
91207,188782,0.724101557163522
91207,342372,0.781410211930051
91207,395473,0.601115395547822
91421,91446,0.30799640994519
92012,98175,0.447696288116276
92012,183845,0.0681920424103737
92012,226604,0.642156101297587
92012,226629,0.740817069076002
92012,226634,0.705940473126248
92012,226641,0.0178806143812835
92012,226651,0.639935315353796
92012,226655,0.0263333732727915
92012,226683,0.609413306927308
92012,226687,0.981982848607004
92012,226690,0.699783374089748
92012,226697,0.82599142449908
92012,226699,0.169905953574926
92012,226702,0.450137907173485
92012,226704,0.350486614042893
92012,231365,0.0818832966033369
92012,307593,0.158745576860383
92012,307598,0.261786798713729
92012,314220,0.866225846111774
92012,329059,0.215517414035276
92012,393263,0.950624733464792
92012,393270,0.351108790840954
92012,397152,0.919859542278573
92012,397155,0.765963078243658
92012,397196,0.816672842949629
92012,397204,0.312247729394585
92012,410420,0.873173338593915
92601,165441,0.348423157585785
94739,105850,0.581673228414729
94739,106990,0.644432870205492
94739,107422,0.768150981515646
94739,157665,0.606011233991012
94739,157711,0.0978915670420974
94739,171218,0.675714315613732
94739,195309,0.339064307976514
95305,177475,0.180092178750783
95379,267700,0.0246821036562324
97447,97466,0.481938840122893
97447,176663,0.804869553772733
97447,231070,0.220110463211313
97449,237456,0.778451683698222
97449,252210,0.571911053732038
97449,355876,0.140639995457605
97466,176663,0.290417250711471
97466,231070,0.837100830161944
98175,170324,0.466251205187291
98175,183845,0.31066382676363
98175,226567,0.402354603400454
98175,226604,0.816875224467367
98175,226611,0.473062458913773
98175,226629,0.269067766377702
98175,226634,0.344011484412476
98175,226637,0.807475074892864
98175,226641,0.216846904018894
98175,226651,0.232092917431146
98175,226655,0.399415193824098
98175,226659,0.061715530231595
98175,226683,0.634860628983006
98175,226687,0.111384173156694
98175,226690,0.598721630405635
98175,226697,0.766562646720558
98175,226699,0.501379099674523
98175,226702,0.343497184803709
98175,226704,0.240826323628426
98175,231365,0.847197328461334
98175,307549,0.390931336209178
98175,307597,0.782528062118217
98175,307598,0.974970035953447
98175,307599,0.81150047830306
98175,314220,0.416808072477579
98175,393252,0.267780170310289
98175,393263,0.0888819601386786
98175,393270,0.463972371304408
98175,397155,0.685006976826116
98175,397204,0.709183514351025
98175,410388,0.966056724311784
98175,410389,0.103084584930912
98175,410400,0.855210245819762
98175,410407,0.00271882954984903
98175,410417,0.637461931910366
98175,410419,0.699364287313074
98175,410420,0.140570961404592
98175,410430,0.413835857296363
98175,410432,0.762535724788904
98175,410438,0.841666676336899
98175,445530,0.945574240991846
100049,122811,0.769369084388018
100049,142633,0.0888619152829051
100049,205539,0.590698603307828
100049,411641,0.419782233657315
100049,411647,0.927994839381427
100049,436328,0.619314149953425
100049,654578,0.736692650709301
102801,415888,0.1238934523426
104607,106990,0.284230065764859
104607,107479,0.52234092913568
104607,117045,0.551760147092864
104607,195309,0.527808322105557
106990,107309,0.380612454609945
106990,107479,0.0170402340590954
106990,117045,0.74775073537603
106990,157665,0.56806770991534
106990,195309,0.0445044438820332
106990,357977,0.840676992200315
107309,107900,0.664445169270039
107479,112156,0.43744123307988
107479,117045,0.291408697143197
112149,112156,0.0357506242580712
112156,117045,0.223314008442685
112156,157665,0.341446850216016
112183,177445,0.646872341865674
112183,178386,0.780808690702543
112183,178939,0.472465828992426
112183,251423,0.356013569515198
118231,125384,0.906217228388414
118231,142633,0.100116366520524
118231,226605,0.31091648247093
118231,411647,0.772615257417783
118231,429935,0.0721172210760415
122058,226546,0.0443000886589289
122234,431487,0.129093278897926
122234,431489,0.51723100640811
122811,411647,0.47853297740221
123339,177445,0.0420075883157551
123339,251423,0.984610038110986
123339,315334,0.311238242313266
123339,433670,0.0386107629165053
123823,125843,0.610674998955801
125384,142633,0.722471706802025
125384,205539,0.756779323332012
125384,305454,0.745772184338421
125384,391166,0.44804287655279
125384,411641,0.878186938120052
125384,429935,0.496768899494782
125384,436328,0.572805921081454
125384,436329,0.838354548206553
125384,436332,0.177730049006641
125384,436334,0.413363140309229
125384,436339,0.576959701254964
125384,436340,0.0738646755926311
125384,436344,0.42466263496317
125384,436354,0.501328189624473
125384,436360,0.398429748602211
126038,224769,0.924304103944451
126038,390883,0.792475303402171
126038,436935,0.0906186527572572
126912,139727,0.518243371509016
129741,176663,0.17886117240414
131054,441540,0.227879211306572
132720,188782,0.490136856678873
133240,237315,0.85511061642319
134042,178144,0.0118389411363751
139155,448451,0.298579581314698
139155,448455,0.382119226269424
141613,449941,0.656306981341913
142190,155501,0.0627236745785922
142190,224756,0.481729533290491
142633,391166,0.539761650143191
142633,411647,0.0943658140022308
142633,429935,0.589283586479723
142633,436328,0.894081250065938
142633,436334,0.184157392475754
145236,224756,0.0321256774477661
145236,451952,0.155464119510725
145787,244136,0.936471107648686
145787,304351,0.318796042352915
153291,399348,0.652465444523841
153291,455543,0.718359238700941
154601,204230,0.906757191056386
154601,242580,0.471467670518905
154601,251423,0.711034411331639
154601,267701,0.809138128068298
154601,455543,0.577315034111962
154601,456324,0.691442022100091
154601,456328,0.235735564026982
162373,462343,0.485907128080726
165441,176663,0.372484273510054
165441,231071,0.684738708427176
167164,177445,0.866298490203917
167164,242580,0.632403767202049
167918,176663,0.330551156075671
170324,226567,0.57081221207045
170324,226605,0.432209546677768
170324,226641,0.780102915829048
170324,226655,0.0634701231028885
170324,226679,0.994563587475568
170324,226687,0.0118415611796081
170324,226704,0.466403717175126
170324,307593,0.0261317193508148
170324,307595,0.901428582146764
170324,307598,0.121497476939112
170324,307599,0.856875630328432
170324,314220,0.804791069356725
170324,393263,0.338311236584559
170324,393270,0.0530012312810868
170324,397196,0.544050976401195
170324,410407,0.432544773444533
170324,410419,0.445140600670129
170324,467803,0.560784363886341
170324,467808,0.469010028988123
170324,467809,0.934632131364197
170324,467811,0.0075044275727123
176663,231064,0.0614703071769327
177445,179202,0.867289509391412
177445,202280,0.773992380825803
177445,242580,0.872030053287745
177445,455543,0.451467424863949
177445,473916,0.155732922023162
177475,210145,0.278190299170092
179202,204230,0.825284093152732
179202,288930,0.729300813749433
179202,475529,0.448537817923352
179344,236306,0.612692424096167
181001,181002,0.415431863628328
183845,226606,0.280022788327187
183845,226634,0.620439523365349
183845,226637,0.290707359090447
183845,226638,0.869600227335468
183845,226651,0.258476315066218
183845,226655,0.842765956651419
183845,226670,0.18352768314071
183845,226672,0.527678374899551
183845,226683,0.579299784498289
183845,226690,0.9357140280772
183845,226697,0.122095902450383
183845,226704,0.297296641394496
183845,307593,0.564801618922502
183845,307599,0.29579685209319
183845,314220,0.205972591647878
183845,329076,0.674991631181911
183845,397155,0.394892639480531
183845,410388,0.103123988956213
183845,413967,0.686263635056093
183845,478785,0.524519755272195
183845,478791,0.0309790982864797
184537,184567,0.567707261070609
184690,479555,0.756651317002252
188782,395473,0.804478361271322
190454,202280,0.528733507497236
190454,204230,0.519022148568183
190454,483670,0.48252021917142
198782,219752,0.225057432893664
202280,208209,0.584406855981797
204230,322157,0.451438539661467
205539,391166,0.0309841155540198
205539,411641,0.785323877120391
205539,411647,0.29094182443805
205539,429935,0.831980600487441
205539,436334,0.736243119696155
205539,436354,0.492568257497624
206917,495725,0.829425293486565
207259,496018,0.190645952709019
219262,219325,0.133486884413287
219290,219309,0.989343095105141
219752,219761,0.525917056482285
226567,226605,0.385497984476388
226567,226637,0.344492801465094
226567,226641,0.16211963747628
226567,226680,0.362541815964505
226567,226683,0.982644775649533
226567,226687,0.152390090515837
226567,307549,0.759489647345617
226567,307593,0.76196953211911
226567,307595,0.811952574644238
226567,307597,0.42271257401444
226567,307598,0.578598385676742
226567,307599,0.298385618487373
226567,393263,0.562034598551691
226567,397204,0.872064560418949
226567,410420,0.490791194606572
226567,467809,0.619843964930624
226567,467811,0.991652348544449
226567,508565,0.0976930521428585
226567,654578,0.799267832189798
226570,307593,0.860652521252632
226604,226605,0.0439370095264167
226604,226606,0.120249178726226
226604,226629,0.0941367282066494
226604,226641,0.59670192329213
226604,226655,0.464859320549294
226604,226659,0.375352055300027
226604,226674,0.0122645406518131
226604,226680,0.846770056290552
226604,226683,0.510879310313612
226604,226687,0.933364871656522
226604,226690,0.00676140794530511
226604,226701,0.465091904392466
226604,226702,0.55726823117584
226604,226704,0.489985610824078
226604,307593,0.119110330706462
226604,307598,0.976651664823294
226604,314220,0.464418705319986
226604,393263,0.151483568130061
226604,393270,0.265585479559377
226604,397155,0.23715012636967
226604,397196,0.667350394884124
226604,410419,0.318969778716564
226604,478791,0.824371611932293
226604,508558,0.674774140585214
226604,508565,0.747153908479959
226604,508568,0.461740971077234
226604,508570,0.210812729317695
226604,508576,0.66612270870246
226604,508577,0.0302518345415592
226604,508671,0.455080474726856
226604,544671,0.726894842460752
226605,226659,0.148536510998383
226605,226679,0.336112756282091
226605,226680,0.981852074386552
226605,307549,0.202270301058888
226605,307593,0.234114542603493
226605,393263,0.482346523785964
226605,397155,0.442402584245428
226605,397196,0.0228459471836686
226605,413967,0.0922981896437705
226605,508558,0.0871991112362593
226606,226651,0.397095765918493
226606,307593,0.24110103957355
226606,307599,0.38257699739188
226606,314220,0.94133062264882
226606,329059,0.975683302851394
226611,226651,0.758904147194698
226611,226655,0.269144050078467
226611,226690,0.914754666155204
226611,307593,0.57476076646708
226611,307598,0.28432388859801
226611,307599,0.460674049099907
226611,413967,0.958854030119255
226611,445530,0.958743313793093
226611,508558,0.277547401376069
226611,508601,0.685816079843789
226622,654578,0.236737674335018
226629,226655,0.323414565064013
226629,226683,0.0181998517364264
226629,226704,0.0909716233145446
226629,307592,0.731768516125157
226629,307593,0.71056084218435
226629,307595,0.520679169101641
226629,467809,0.183962341398001
226629,654582,0.198848957428709
226634,226651,0.333367716753855
226634,226655,0.00906449276953936
226634,307593,0.503594777081162
226637,226651,0.744089354062453
226637,226683,0.179614587919787
226637,314220,0.514555709436536
226637,393269,0.299560209969059
226637,408570,0.31590823084116
226637,413967,0.617908574640751
226637,654578,0.661341497674584
226641,226655,0.0124248915817589
226641,226659,0.591759894508868
226641,226680,0.323202675674111
226641,307593,0.540006302529946
226641,393263,0.118249152554199
226641,393270,0.413300721673295
226641,397155,0.439130160957575
226641,478791,0.113422237569466
226641,508978,0.383545811055228
226651,226655,0.445056402357295
226651,226687,0.649786073248833
226651,226690,0.290940479841083
226651,226704,0.859173133736476
226651,307593,0.37394776311703
226651,307595,0.766716993181035
226651,307599,0.810938652371988
226651,314220,0.597057548817247
226651,329059,0.969590116059408
226651,393263,0.852147493278608
226651,393270,0.699979887111112
226651,397196,0.949088372755796
226651,397204,0.578736234689131
226651,410420,0.280547989765182
226651,445530,0.311882400186732
226651,508565,0.986277702264488
226651,508625,0.569690521107987
226651,654582,0.778151960810646
226655,226672,0.950591253582388
226655,226674,0.909838679013774
226655,226680,0.313039839500561
226655,226683,0.443936006864533
226655,226690,0.556741702370346
226655,226697,0.953229322331026
226655,226701,0.127539512002841
226655,226704,0.325168878538534
226655,307593,0.858638528268784
226655,307595,0.387440356425941
226655,307597,0.87180705415085
226655,307598,0.915785332676023
226655,307599,0.353963111294433
226655,314220,0.25625248090364
226655,329059,0.0860210657119751
226655,397196,0.82962361164391
226655,410407,0.722843875177205
226655,410419,0.224386886227876
226655,410420,0.269880747189745
226655,467811,0.477339869365096
226655,508613,0.885724551044405
226655,579825,0.535883465781808
226655,654578,0.79765411419794
226658,307593,0.964805369032547
226658,467809,0.473168081603944
226659,410420,0.203372498275712
226659,467809,0.562199971172959
226670,226687,0.337758549489081
226670,307593,0.0257865369785577
226670,467809,0.433173016179353
226670,576815,0.578122266102582
226672,307593,0.389820091193542
226672,307598,0.580363409593701
226672,467811,0.0157441676128656
226672,508570,0.607240170473233
226674,226687,0.327487898059189
226674,307593,0.317467360524461
226674,307599,0.548331430647522
226676,226697,0.84311711974442
226676,226704,0.000350043177604675
226676,307598,0.258156596682966
226676,410419,0.476355218328536
226679,307598,0.676181464688852
226679,397196,0.153783447807655
226680,307593,0.827692135469988
226680,307598,0.244996450608596
226680,397155,0.72675318387337
226680,397196,0.934077733661979
226680,410419,0.734414291800931
226680,508613,0.409856538753957
226680,508704,0.30551425437443
226683,226687,0.615027110325173
226683,226690,0.119213765254244
226683,226699,0.605548528023064
226683,307593,0.906681045657024
226683,307595,0.0463953495491296
226683,307598,0.866927464026958
226683,307599,0.283832646440715
226683,314220,0.287844088161364
226683,393252,0.608633323572576
226683,393263,0.966471692314371
226683,393270,0.0428599957376719
226683,410388,0.73609774839133
226683,410420,0.633646204834804
226687,226697,0.286580657586455
226687,226704,0.611474091187119
226687,307593,0.731754700187594
226687,307595,0.17412977758795
226687,307598,0.990544997388497
226687,314220,0.805902360007167
226687,393270,0.385824565542862
226687,410420,0.223562594503164
226687,508613,0.719539323123172
226690,307593,0.55833968706429
226690,307598,0.105711339507252
226690,393270,0.538337398087606
226690,410420,0.192475331714377
226690,413967,0.725344724021852
226690,467803,0.511525711975992
226690,508616,0.152800197480246
226690,654578,0.926115770125762
226697,307593,0.152376402169466
226697,307595,0.117490147938952
226697,307599,0.186178022064269
226697,329076,0.512507768813521
226697,393263,0.551484505878761
226697,478791,0.842077804030851
226699,231365,0.837012209231034
226699,307593,0.547557401238009
226701,307593,0.454035901930183
226701,413967,0.471411873120815
226701,478785,0.67398603213951
226701,478791,0.604177214903757
226701,508589,0.632981172064319
226702,307593,0.584761647274718
226702,307595,0.272159400396049
226702,307598,0.929473477648571
226702,467809,0.075077717192471
226704,307592,0.766019199276343
226704,307593,0.0364894361700863
226704,307595,0.755515803582966
226704,307598,0.138250664575025
226704,307599,0.32188260438852
226704,329076,0.797486736206338
226704,393270,0.170116523979232
226704,410419,0.545944439712912
226704,467803,0.140949274646118
226704,467811,0.447035406250507
226704,654578,0.824723987840116
231070,231071,0.843157503753901
231365,329076,0.755168180447072
231365,410400,0.33152188337408
231852,231858,0.760807160986587
233939,327794,0.0496543953195214
233939,513064,0.548069733427837
233939,553533,0.249774526339024
237073,304351,0.499690287513658
237315,515186,0.190822922857478
237456,355876,0.275021814275533
242580,251423,0.38267887220718
244136,304351,0.285868554608896
244136,517716,0.0488799426238984
244136,517717,0.201554350089282
251423,251427,0.13625041116029
251423,315334,0.551759667228907
252195,520839,0.684293694328517
252210,355876,0.385502498596907
262394,262397,0.140857078367844
262394,262398,0.365100071998313
262394,262400,0.580565965501592
281615,534051,0.263949366053566
305454,436354,0.571872509783134
307549,307593,0.811539279064164
307549,307598,0.39321180479601
307549,329059,0.199397681513801
307549,413967,0.52463918668218
307549,544728,0.0761074759066105
307549,576815,0.295665762852877
307592,307598,0.278733648825437
307592,410419,0.0675190649926662
307592,654578,0.26711006113328
307593,307595,0.388464479707181
307593,307598,0.225210684118792
307593,307599,0.530807498376817
307593,314220,0.346492604119703
307593,393263,0.728488150984049
307593,393269,0.706753901671618
307593,393270,0.32217930094339
307593,397155,0.778189726406708
307593,397204,0.771365922875702
307593,410407,0.68698327569291
307593,410420,0.561071371193975
307593,467811,0.154079595347866
307593,478785,0.155166811542585
307593,478791,0.907026051077992
307593,508558,0.509162304922938
307593,508613,0.604919136269018
307593,508671,0.139407369075343
307593,508704,0.106612795032561
307593,544702,0.952454050537199
307593,544703,0.893612436484545
307593,544704,0.558459303574637
307595,307598,0.525269846664742
307595,307599,0.399421413429081
307595,410407,0.212812381098047
307595,410419,0.808488185051829
307595,410420,0.0665513894055039
307595,413967,0.138928671600297
307597,307598,0.350016861455515
307597,307599,0.631015008781105
307597,397196,0.057808760786429
307597,508613,0.28067413950339
307597,654582,0.201769998297095
307598,307599,0.530822110362351
307598,314220,0.613645801087841
307598,393263,0.269711358938366
307598,393270,0.0423727629240602
307598,397155,0.63098624185659
307598,397196,0.939018425764516
307598,397204,0.764591895742342
307598,410419,0.737706240732223
307598,410420,0.285559998359531
307598,445530,0.335962196113542
307598,467803,0.638173537096009
307598,467809,0.103530320571736
307598,467811,0.872244645142928
307598,508576,0.468684512190521
307598,508577,0.124818289652467
307598,508589,0.394568601623178
307598,508613,0.194166269619018
307598,508704,0.453879439970478
307598,544725,0.552955089602619
307598,544728,0.830668256385252
307598,579825,0.85279629053548
307599,329059,0.134818169986829
307599,329076,0.98086138186045
307599,393270,0.709031685255468
307599,397196,0.769334490410984
307599,410407,0.179849636508152
307599,445530,0.829714852385223
307599,451964,0.318678279872984
307599,467811,0.396846011513844
307599,508576,0.362561981193721
307599,508704,0.441597691038623
307599,544671,0.844537586905062
314220,393263,0.28338406374678
314220,393269,0.561438053613529
314220,397196,0.973471879260615
314220,410420,0.201751898275688
314220,467811,0.714288618881255
327794,553533,0.801692690001801
327794,553543,0.118930272525176
329059,393252,0.818789878627285
329059,410388,0.0693976194597781
329059,654578,0.247514715883881
346329,564635,0.00390214333310723
351155,562447,0.775423411279917
360058,517114,0.544551162282005
391166,411641,0.166117534739897
391166,411647,0.369770675897598
393263,393270,0.622281468007714
393263,410420,0.249292681924999
393263,575655,0.318857915233821
393270,397196,0.656380045693368
393270,397204,0.417773979716003
393270,445530,0.140409504761919
393270,467803,0.112502782139927
393270,508589,0.255642740987241
393270,575636,0.930790446465835
393270,654578,0.175562550779432
393270,654582,0.50457125948742
397155,397196,0.750401656609029
397155,410432,0.103511536261067
397155,467803,0.706462597008795
397155,654578,0.0316963896621019
397155,654582,0.245670832926407
397196,397204,0.974056927254423
397196,410419,0.949417150812224
397196,410420,0.410411154618487
397196,508704,0.319390740478411
397204,467803,0.162175589939579
400787,577778,0.0102805928327143
400787,577779,0.675593365682289
410388,478791,0.0445067998953164
410407,410419,0.306989722885191
410407,467809,0.1354248104617
410407,508613,0.453380564460531
410419,411641,0.63737984164618
410419,467809,0.755470527568832
410419,508577,0.520707609830424
410419,579825,0.529250773368403
410420,445530,0.414913413347676
410420,467811,0.670835840748623
410420,654578,0.0129700421821326
410432,654582,0.889517680509016
411641,411647,0.232808965956792
411641,429935,0.484998418949544
411641,436328,0.88285588985309
411641,436334,0.754952455637977
411641,436354,0.857594285858795
411647,429935,0.43847484444268
411647,436328,0.446287267841399
411647,436334,0.601605623727664
411647,436354,0.260130210313946
424951,582941,0.302756310673431
429935,436334,0.996946591651067
429935,436354,0.0169220147654414
436328,436334,0.623616838362068
436334,436354,0.4072462588083
441540,588106,0.0752800479531288
443534,462343,0.0272489218041301
445530,508589,0.209290642291307
483362,599814,0.774339829571545
496018,603362,0.107061912072822
508558,508723,0.310717188986018
508565,654578,0.514672020450234
508589,654578,0.75462610903196
508612,654578,0.0115886221174151
508613,654582,0.497475265758112
520839,608956,0.333086891798303
520839,608957,0.681477315723896
548818,599218,0.63480111444369
577778,577779,0.294918363681063
654578,654582,0.773377429926768
16173,642,0.394907645648345
20235,642,0.18946347432211
20331,642,0.235686215106398
20866,642,0.779858282767236
21034,642,0.68745462060906
21181,642,0.484970228979364
33895,642,0.524421142879874
33906,642,0.943405651953071
33909,642,0.364837154978886
33912,642,0.449836054351181
33915,642,0.626318152761087
33919,642,0.600344225764275
33924,642,0.459966029040515
33925,642,0.890627233311534
33928,642,0.878465047106147
33930,642,0.297942477744073
33933,642,0.979584490414709
33937,642,0.832269489997998
1959,1024,0.697158872382715
8459,1024,0.356491140788421
9553,1024,0.659555627964437
22909,1024,0.157690038438886
23709,1024,0.0694306192453951
25035,1024,0.686656665056944
52172,1024,0.266466195229441
5235,1168,0.704982106341049
6396,1168,0.95383106963709
6424,1168,0.497136186342686
11850,1168,0.296953074401245
11853,1168,0.896533067570999
11932,1168,0.977178153349087
16173,1168,0.363489541225135
20059,1168,0.112220575567335
20290,1168,0.471362139564008
20331,1168,0.545875325798988
20754,1168,0.354839720763266
20875,1168,0.918149776523933
20898,1168,0.505037083989009
21242,1168,0.00778768374584615
30016,1168,0.650279709137976
33588,1168,0.138555472251028
63299,1168,0.808798115234822
73247,1168,0.19900414859876
24184,1784,0.568116450915113
91019,1784,0.0752797317691147
91421,1784,0.244226708076894
91427,1784,0.594182336237282
91437,1784,0.0801545265130699
91438,1784,0.12657336355187
91441,1784,0.0372577884700149
91445,1784,0.682656527496874
91446,1784,0.883637898601592
2940,1959,0.243922345805913
8513,1959,0.519696976989508
9553,1959,0.296153358649462
10553,1959,0.145645490149036
11287,1959,0.391278651310131
11467,1959,0.821299314498901
11698,1959,0.689698902657256
14778,1959,0.228056986117736
22989,1959,0.444007723592222
23089,1959,0.915108531247824
23177,1959,0.314898682758212
23225,1959,0.477430853527039
43141,1959,0.29539342969656
43193,1959,0.774872915353626
61601,1959,0.759167447686195
11698,2170,0.289147474104539
11853,2206,0.558403945993632
16173,2206,0.304402298294008
20235,2206,0.88085403945297
20898,2206,0.366187712643296
5962,2845,0.0834180905949324
8476,2845,0.126305361976847
9553,2845,0.270933330059052
12367,2845,0.152188632404432
17373,2845,0.637941455468535
20875,2845,0.189039632445201
22909,2845,0.949735857546329
23709,2845,0.723382002208382
25035,2845,0.347376480931416
27977,2845,0.386264710919932
39552,2845,0.230623943498358
49959,2845,0.889859180897474
62356,2845,0.117684839759022
88014,2845,0.000113685615360737
88222,2845,0.148816047469154
121790,2845,0.878458542283624
122021,2845,0.552463860949501
122058,2845,0.218124399660155
226546,2845,0.036409645806998
280137,2845,0.127828459488228
11698,2940,0.584731656359509
27977,2940,0.627559169661254
122234,2940,0.338106956332922
8513,5065,0.151693758321926
27977,5065,0.130026978207752
11932,5235,0.790522788418457
14778,5235,0.176174390828237
16173,5235,0.881372758885846
18625,5235,0.834874862339348
20059,5235,0.932047555688769
20290,5235,0.333780585089698
20840,5235,0.185042024357244
20875,5235,0.0175777552649379
20898,5235,0.464791873237118
21034,5235,0.395873744273558
30016,5235,0.535506720189005
30361,5235,0.71653914754279
35772,5235,0.41855330276303
37323,5235,0.397836399730295
90496,5235,0.853386338334531
92601,5235,0.752511768136173
123339,5235,0.580844014650211
167918,5235,0.765268832677975
8459,5564,0.877181398915127
12951,5564,0.40023293835111
69822,5829,0.651397874346003
94739,5829,0.980461066123098
106990,5829,0.443934577982873
107479,5829,0.68809631629847
107900,5829,0.479204255156219
11850,5926,0.932338964194059
16173,5926,0.770249328576028
20235,5926,0.193692738655955
21082,5926,0.25671929307282
24556,5926,0.201685966691002
25989,5926,0.511949451174587
31905,5926,0.396201292518526
172900,5926,0.758338692365214
39552,5962,0.833804936381057
122058,5962,0.829061379423365
63633,6019,0.764397838385776
69822,6019,0.700681876158342
104607,6019,0.814133400563151
105850,6019,0.273265482159331
106990,6019,0.858013079501688
112156,6019,0.075206913985312
157665,6019,0.86781642283313
420732,6019,0.130349510349333
6414,6394,0.533374042483047
134033,6394,0.164347826503217
11857,6396,0.538720021722838
12367,6396,0.860877528320998
20059,6396,0.444554719608277
20290,6396,0.958984803874046
20898,6396,0.133372545707971
21034,6396,0.467640531715006
21059,6396,0.539716774132103
21063,6396,0.956386299803853
30016,6396,0.192169637652114
30350,6396,0.277857440989465
33909,6396,0.83167937095277
73247,6396,0.568556507816538
125674,6396,0.805031013907865
177411,6396,0.220813677180558
177445,6396,0.113762402907014
14746,6414,0.0839536644052714
22250,6414,0.407211251091212
24421,6414,0.418276221491396
33569,6414,0.2058747690171
101356,6414,0.039347458165139
134033,6414,0.646123918704689
134042,6414,0.0904997319448739
178144,6414,0.629459081683308
11853,6424,0.823874365072697
11932,6424,0.0955346904229373
16173,6424,0.26288079097867
18625,6424,0.558816211763769
19989,6424,0.620110656833276
20290,6424,0.356276879785582
20754,6424,0.076209285762161
20875,6424,0.961936151608825
21242,6424,0.292312810663134
30016,6424,0.575933072483167
73247,6424,0.877936714095995
179183,6424,0.0438766172155738
18625,6442,0.450582484016195
20290,6442,0.409021637868136
184537,7357,0.975095714209601
184557,7357,0.0859341660980135
184564,7357,0.396017421269789
184567,7357,0.592004943871871
184568,7357,0.102319086669013
184583,7357,0.634012495866045
27977,8258,0.508331315359101
191011,8391,0.225440594367683
180201,8459,0.0449570373166353
14778,8476,0.91538302320987
12367,8513,0.589576236903667
23709,8513,0.58375854161568
48542,8513,0.994883361971006
125146,8513,0.359364584321156
156927,8513,0.272567863343284
193992,8513,0.318617896642536
11287,9553,0.188180970726535
20790,9553,0.798781277379021
21066,9553,0.853525807382539
25035,9553,0.175688049755991
27977,9553,0.886272617382929
11287,10553,0.0460760344285518
14778,10553,0.364578223321587
20235,10553,0.959789784625173
27977,10553,0.84554277267307
23089,11287,0.845381770748645
23225,11287,0.335294747725129
27977,11287,0.475601283367723
43141,11287,0.714435653761029
64005,11287,0.633580124005675
158765,11287,0.532658593263477
171239,11287,0.90084147430025
206917,11287,0.738023583777249
20080,11332,0.560206279624254
20290,11332,0.941260813269764
20898,11332,0.563383202767
21063,11332,0.333877236815169
30016,11332,0.439706269418821
37187,11332,0.251861055148765
74522,11332,0.349534393986687
27977,11467,0.521950769703835
74522,11511,0.0637607804965228
207943,11511,0.0128558680880815
367021,11511,0.724971868330613
11853,11850,0.0825313052628189
11857,11850,0.417591312667355
11932,11850,0.26512910076417
16173,11850,0.112038709688932
20235,11850,0.710847986396402
20331,11850,0.522877183975652
23585,11850,0.0235907570458949
24421,11850,0.0404143130872399
11932,11853,0.694571681087837
16173,11853,0.487158801406622
19989,11853,0.963986696209759
20059,11853,0.036902007414028
20235,11853,0.536076099378988
63299,11853,0.336453255964443
11932,11857,0.061897206120193
19989,11857,0.06045649969019
20059,11857,0.198846372310072
20290,11857,0.438343365676701
25119,11857,0.710493613034487
16173,11932,0.481733343331143
19989,11932,0.240965058328584
20059,11932,0.912562452722341
20290,11932,0.247219895245507
20875,11932,0.418128068791702
21082,11932,0.212130018509924
21181,11932,0.852373229572549
21262,11932,0.0118547442834824
33895,11932,0.726444688159972
33915,11932,0.479227034840733
33928,11932,0.401080051669851
63299,11932,0.517103501828387
73247,11932,0.931812455644831
74691,11932,0.183833819581196
125674,11932,0.100248619215563
177475,11932,0.587790544843301
179344,11932,0.718716699630022
208209,11932,0.392990834545344
210145,11932,0.665731285233051
210675,11932,0.857943740440533
16173,12367,0.00113384495489299
126038,14184,0.729257248574868
390883,14184,0.325065974611789
33569,14746,0.258883116999641
101356,14746,0.0826944645959884
16173,14778,0.9241111879237
22690,14778,0.333839460974559
25989,14778,0.193807047093287
35772,14778,0.378807059489191
49968,14778,0.48575726733543
56985,14778,0.607805020175874
57217,14778,0.231501171831042
72897,14778,0.401866982923821
88222,14778,0.318089216249064
103905,14778,0.215820701327175
110789,14778,0.677886601770297
219262,14778,0.346656472189352
219290,14778,0.274371965788305
219300,14778,0.682114423718303
219309,14778,0.317154102725908
219314,14778,0.803382939659059
219323,14778,0.610322001157328
219325,14778,0.143160443287343
219370,14778,0.171491873450577
219372,14778,0.581266894703731
219375,14778,0.769880492938682
219751,14926,0.59909070469439
219752,14926,0.882187979063019
219761,14926,0.486802924890071
18625,16173,0.807942287996411
20059,16173,0.206314188195392
20235,16173,0.374451230280101
20290,16173,0.517686687409878
20331,16173,0.533458589110523
20790,16173,0.236961339833215
20898,16173,0.924640725832433
21034,16173,0.621732642641291
21059,16173,0.78538805921562
21063,16173,0.674828556831926
21066,16173,0.362064176704735
21082,16173,0.0239944888744503
21181,16173,0.0566850879695266
21262,16173,0.864144443767145
30016,16173,0.55168922431767
37323,16173,0.028987534577027
125689,16173,0.321085168747231
210315,16173,0.990804992616177
142190,17319,0.451649249531329
145235,17319,0.349334395956248
151505,17319,0.761318983510137
224756,17319,0.256553675746545
224769,17319,0.946050056256354
226546,17373,0.64338101237081
154601,17829,0.128241412574425
20235,18528,0.163465899648145
20290,18528,0.885587733704597
20898,18528,0.208885377738625
30016,18528,0.68386556301266
230368,18548,0.929646087344736
230369,18548,0.230014050612226
20059,18625,0.236006691353396
20290,18625,0.900346532696858
20790,18625,0.38703202502802
20898,18625,0.923596629407257
30016,18625,0.838512885384262
37323,18625,0.975669534178451
115881,18625,0.0371776081155986
230440,18625,0.915216388646513
230443,18625,0.77575309202075
30350,18680,0.974458956392482
106701,18680,0.662424199050292
125689,18680,0.687524841632694
153291,18680,0.362261797068641
179202,18680,0.559287946671247
35772,18826,0.013495648978278
60931,18826,0.510379324667156
86094,18826,0.0123331088107079
165441,18826,0.967713958583772
231070,18826,0.692304568830878
231071,18826,0.444812260335311
231852,18826,0.24453269620426
231854,18826,0.855277774855494
231858,18826,0.8838957301341
27977,19168,0.903048135573044
20754,19989,0.433093540603295
21034,19989,0.859072567895055
21066,19989,0.619754520710558
21242,19989,0.45719831995666
33588,19989,0.286511924117804
71076,19989,0.422890145797282
20290,20059,0.721973993815482
20898,20059,0.436905384995043
25119,20059,0.810770474839956
30016,20059,0.299168311990798
93803,20059,0.00535082770511508
20235,20080,0.720248723169789
25119,20080,0.626026745885611
125689,20080,0.424255146179348
20290,20235,0.0142228768672794
20331,20235,0.166158778825775
20790,20235,0.2849088574294
20866,20235,0.234634725144133
20875,20235,0.902817177120596
20898,20235,0.892236226936802
21034,20235,0.0104920156300068
21063,20235,0.565076406579465
21066,20235,0.0482059216592461
21262,20235,0.184899890562519
25119,20235,0.541551935952157
30016,20235,0.837476941291243
33906,20235,0.97833987721242
95305,20235,0.828193010529503
103141,20235,0.420826864661649
20331,20290,0.522841000463814
20790,20290,0.0880709732882679
20875,20290,0.628977224929258
20898,20290,0.956899489741772
21059,20290,0.00181164615787566
21063,20290,0.895248850807548
21066,20290,0.533561309333891
25119,20290,0.326568953692913
30016,20290,0.692841066978872
37187,20290,0.636066717794165
37323,20290,0.248405597405508
55822,20290,0.59757830039598
94804,20290,0.0961464366409928
95305,20290,0.890784165356308
111618,20290,0.626680979970843
115881,20290,0.483026508940384
125587,20290,0.427087685558945
125611,20290,0.967069923644885
133178,20290,0.184797007357702
177411,20290,0.990633710986003
177475,20290,0.461272085085511
179183,20290,0.832103175111115
179279,20290,0.324677962111309
179344,20290,0.959742950741202
210145,20290,0.855940695852041
210315,20290,0.703582487301901
230440,20290,0.363136220723391
230443,20290,0.898256689310074
20790,20331,0.229934413684532
20898,20331,0.60345903178677
21034,20331,0.420719275716692
21063,20331,0.559861665824428
25119,20331,0.595274606021121
30016,20331,0.37033817358315
21034,20754,0.0286133910994977
21181,20754,0.64786509051919
21242,20754,0.670571818714961
33924,20754,0.87287948676385
74691,20754,0.825154103105888
93365,20754,0.154649460688233
172900,20754,0.996083876816556
20898,20790,0.803107003914192
21063,20790,0.423384362598881
21066,20790,0.76549231284298
21262,20790,0.181105034425855
24421,20790,0.356542970985174
30016,20790,0.0443788396660239
31905,20790,0.656799664488062
33569,20790,0.453510933322832
33919,20790,0.0625732198823243
60993,20790,0.993548911530524
73247,20790,0.935904176672921
83813,20790,0.534075926057994
95305,20790,0.366457666503266
101356,20790,0.341238433960825
134033,20790,0.18261522706598
172900,20790,0.0882575605064631
177475,20840,0.445271973730996
20875,20866,0.798394679790363
21034,20866,0.196900783106685
33895,20866,0.253582720644772
33906,20866,0.242508037714288
33909,20866,0.362322218716145
33928,20866,0.156990698771551
33937,20866,0.600010313792154
20898,20875,0.510927960276604
21034,20875,0.962443219963461
21181,20875,0.272416101535782
30016,20875,0.0553058958612382
33895,20875,0.760509858839214
33928,20875,0.542848449898884
92601,20875,0.0437700306065381
125587,20875,0.572636300465092
21059,20898,0.705081955529749
21066,20898,0.61382676823996
30016,20898,0.575248471926898
55822,20898,0.192415989004076
60993,20898,0.99638231145218
74691,20898,0.654419117607176
93803,20898,0.0231295712292194
94804,20898,0.457293709507212
111618,20898,0.44455849356018
115881,20898,0.0908624473959208
125587,20898,0.0378996354993433
125674,20898,0.607830316293985
133178,20898,0.337115717120469
177411,20898,0.95917791640386
179279,20898,0.132414998719469
179320,20898,0.0535570948850363
215455,20898,0.805657254299149
33895,21034,0.191274368902668
33909,21034,0.247269812505692
33915,21034,0.601363240741193
33919,21034,0.402506431564689
33924,21034,0.840659207431599
33925,21034,0.794218607945368
33928,21034,0.160957135725766
33937,21034,0.246726413490251
178545,21034,0.0743976603262126
179183,21034,0.753337870584801
30016,21059,0.103583923541009
73247,21059,0.929497043136507
30016,21063,0.460245308466256
74522,21063,0.925951489247382
93803,21063,0.347537581343204
21262,21066,0.0265146198216826
24421,21066,0.00292134378105402
30016,21066,0.900076679186895
60993,21066,0.0753675873856992
95305,21066,0.731425402918831
125674,21066,0.826833550585434
177411,21066,0.515269732801244
33895,21181,0.382882308913395
33915,21181,0.037284484365955
33928,21181,0.921510877553374
33930,21181,0.670492481207475
73247,21242,0.0407630698755383
74691,21242,0.810865118633956
73247,21262,0.960754221770912
252195,21262,0.893825621111318
24421,22250,0.157219922868535
33569,22250,0.191438196459785
134033,22250,0.969360143179074
178144,22250,0.0195582541637123
258526,22250,0.32267377874814
57217,22690,0.564363449113443
27977,22700,0.461416912497953
27977,22909,0.528088426450267
139155,22909,0.469979803077877
126038,22943,0.0278611273970455
54381,23218,0.569481808925048
69553,23218,0.0202577980235219
262394,23218,0.334732988849282
262397,23218,0.566656501032412
262398,23218,0.881526471348479
262400,23218,0.343322318047285
30361,23585,0.692134246462956
181001,23585,0.813216244103387
181002,23585,0.530965183163062
112183,24254,0.517520382069051
154601,24254,0.757779480423778
267700,24254,0.101728989509866
267701,24254,0.854888269910589
31905,24421,0.150535516440868
33569,24421,0.489531124709174
258526,24421,0.0683066679630429
27977,24556,0.986586095998064
48542,24556,0.0400087940506637
122234,24556,0.570253745187074
228831,24556,0.89247828302905
269115,24556,0.870506265899166
27977,25035,0.266485198400915
88014,25035,0.446288188686594
30016,25119,0.436602469300851
208450,25989,0.290933771524578
35371,27977,0.847878342028707
39133,27977,0.068445009412244
43141,27977,0.816408145008609
52172,27977,0.691426927689463
54726,27977,0.424900824902579
60993,27977,0.94973105378449
61601,27977,0.878114637453109
87490,27977,0.801640789490193
88014,27977,0.128996194340289
125843,27977,0.108007436618209
125941,27977,0.312683866359293
126912,27977,0.556980521418154
139712,27977,0.842881316784769
184231,27977,0.00856732949614525
184690,27977,0.881816927576438
202670,27977,0.766015730798244
280059,27977,0.010585114127025
281505,27977,0.822099017910659
281508,27977,0.698722178582102
281522,27977,0.746165263000876
281527,27977,0.625984335783869
281549,27977,0.775011305464432
281551,27977,0.304484154330567
281562,27977,0.32675094041042
281563,27977,0.165546258445829
281567,27977,0.70186237199232
281573,27977,0.352043065940961
281604,27977,0.408507541753352
281613,27977,0.425450992072001
281615,27977,0.0102477034088224
281618,27977,0.140167660079896
177445,28643,0.0336866013240069
283294,28643,0.505113363964483
284785,29233,0.575318497372791
37187,30016,0.834912976017222
37323,30016,0.253254144685343
55822,30016,0.52557846554555
60993,30016,0.30417635012418
94804,30016,0.939062969991937
95305,30016,0.289507546229288
111618,30016,0.12962084566243
115881,30016,0.583947283914313
125587,30016,0.447707608342171
133178,30016,0.0715936801861972
172900,30016,0.316717860754579
179183,30016,0.943224470829591
179279,30016,0.503797684796154
179344,30016,0.505792720010504
210145,30016,0.685899652773514
210315,30016,0.633407281246036
210675,30016,0.693686524871737
230440,30016,0.0783297291491181
230443,30016,0.436963700689375
94804,30350,0.900182521669194
154601,30350,0.265222743386403
179202,30350,0.906891665654257
288930,30350,0.0593230912927538
42633,30361,0.0920339182484895
181001,30361,0.252527396427467
181002,30361,0.91730937291868
111559,31472,0.324343511136249
101356,33569,0.262763189617544
134033,33569,0.0239024735055864
258526,33569,0.527597172185779
33915,33895,0.966219678521156
33924,33895,0.698420404922217
33928,33895,0.142462170217186
74691,33895,0.705412801355124
208450,33895,0.800746812485158
33919,33906,0.687774610240012
208450,33906,0.0636212022509426
33919,33915,0.282689919462427
33925,33915,0.00996775063686073
33928,33915,0.462518852204084
33937,33915,0.362994872964919
35772,33915,0.635671712690964
75046,33915,0.197416572133079
208450,33915,0.470172269269824
33937,33919,0.284079753793776
60931,35772,0.904139410238713
86094,35772,0.959681062726304
97447,35772,0.833896482596174
97466,35772,0.874881198164076
165441,35772,0.0679285565856844
176663,35772,0.74412304488942
231064,35772,0.864432235714048
231070,35772,0.362138367490843
231071,35772,0.253312276909128
98175,38044,0.697413120884448
183845,38044,0.978623795090243
226629,38044,0.855613894294947
226704,38044,0.64777707727626
307592,38044,0.509803707711399
307593,38044,0.595897218678147
307595,38044,0.553005868103355
307597,38044,0.934842121787369
307598,38044,0.776916166068986
307599,38044,0.326843357179314
508723,38044,0.964605314657092
73247,38393,0.191768280230463
121790,39552,0.800237495452166
122058,39552,0.667153531452641
149447,39552,0.721383009804413
280165,39552,0.96877726749517
311499,39552,0.775403219042346
181001,42633,0.899314208654687
181002,42633,0.257002105936408
322128,47477,0.298927157651633
322131,47477,0.562093243701383
327793,51476,0.233506101649255
237315,54726,0.772573041031137
224769,58478,0.583592201583087
97447,60931,0.517699122894555
97466,60931,0.670264611719176
129741,60931,0.99771701078862
176663,60931,0.434733033180237
231852,60931,0.960459248628467
231854,60931,0.0341293655801564
231858,60931,0.499089019373059
91207,60938,0.683944070246071
342372,60938,0.823308582184836
210315,60993,0.177512280410156
343497,61601,0.010438397526741
71076,61906,0.496346746338531
343949,61906,0.322243495378643
69822,63633,0.699879716848955
94739,63633,0.336215366376564
104607,63633,0.836121733766049
106990,63633,0.477895457996055
107479,63633,0.382537528639659
107900,63633,0.643714899662882
112149,63633,0.951883803121746
112156,63633,0.572427589679137
195309,63633,0.0880327504128218
104607,69822,0.499407371738926
105850,69822,0.393309929873794
106990,69822,0.0438131880946457
107309,69822,0.559156968025491
107422,69822,0.408947928110138
107479,69822,0.766185468062758
117045,69822,0.351730840513483
157665,69822,0.582877491833642
157711,69822,0.545475968858227
171239,69822,0.802205401239917
171246,69822,0.000259500229731202
405896,69822,0.241571466904134
112183,71076,0.11253401171416
360418,71076,0.0756352555472404
360595,71076,0.88092983700335
86811,73247,0.951689813751727
93365,73247,0.95754500082694
125611,73247,0.0288149905391037
125674,73247,0.102470828453079
179344,73247,0.460188020952046
186118,73247,0.221650982508436
223123,73247,0.965695796534419
238898,73247,0.995096611557528
241662,73247,0.102952909190208
334840,73247,0.287476595956832
365813,73247,0.160544370301068
365815,73247,0.810902829049155
365817,73247,0.0728209279477596
365818,73247,0.901690264465287
365819,73247,0.90464923530817
365821,73247,0.287637662608176
367021,74522,0.636822348693386
92601,74691,0.894050241913646
369566,75922,0.0843338631093502
382369,83815,0.235238758847117
382370,83815,0.337924575665966
92601,86094,0.187213852303103
97447,86094,0.484123951988295
97466,86094,0.252525581978261
129741,86094,0.331717033172026
165441,86094,0.978963273577392
167918,86094,0.408274886198342
231064,86094,0.298808534163982
231852,86094,0.530240857275203
231854,86094,0.56113138073124
94425,88557,0.705409248359501
186954,88557,0.144091510679573
238284,88557,0.426338318968192
319142,88557,0.0982709873933345
390520,88557,0.383152080699801
390521,88557,0.820927931228653
390523,88557,0.822159377159551
306176,90496,0.94487731391564
132720,91207,0.174249231815338
188782,91207,0.724101557163522
342372,91207,0.781410211930051
395473,91207,0.601115395547822
91446,91421,0.30799640994519
98175,92012,0.447696288116276
183845,92012,0.0681920424103737
226604,92012,0.642156101297587
226629,92012,0.740817069076002
226634,92012,0.705940473126248
226641,92012,0.0178806143812835
226651,92012,0.639935315353796
226655,92012,0.0263333732727915
226683,92012,0.609413306927308
226687,92012,0.981982848607004
226690,92012,0.699783374089748
226697,92012,0.82599142449908
226699,92012,0.169905953574926
226702,92012,0.450137907173485
226704,92012,0.350486614042893
231365,92012,0.0818832966033369
307593,92012,0.158745576860383
307598,92012,0.261786798713729
314220,92012,0.866225846111774
329059,92012,0.215517414035276
393263,92012,0.950624733464792
393270,92012,0.351108790840954
397152,92012,0.919859542278573
397155,92012,0.765963078243658
397196,92012,0.816672842949629
397204,92012,0.312247729394585
410420,92012,0.873173338593915
165441,92601,0.348423157585785
105850,94739,0.581673228414729
106990,94739,0.644432870205492
107422,94739,0.768150981515646
157665,94739,0.606011233991012
157711,94739,0.0978915670420974
171218,94739,0.675714315613732
195309,94739,0.339064307976514
177475,95305,0.180092178750783
267700,95379,0.0246821036562324
97466,97447,0.481938840122893
176663,97447,0.804869553772733
231070,97447,0.220110463211313
237456,97449,0.778451683698222
252210,97449,0.571911053732038
355876,97449,0.140639995457605
176663,97466,0.290417250711471
231070,97466,0.837100830161944
170324,98175,0.466251205187291
183845,98175,0.31066382676363
226567,98175,0.402354603400454
226604,98175,0.816875224467367
226611,98175,0.473062458913773
226629,98175,0.269067766377702
226634,98175,0.344011484412476
226637,98175,0.807475074892864
226641,98175,0.216846904018894
226651,98175,0.232092917431146
226655,98175,0.399415193824098
226659,98175,0.061715530231595
226683,98175,0.634860628983006
226687,98175,0.111384173156694
226690,98175,0.598721630405635
226697,98175,0.766562646720558
226699,98175,0.501379099674523
226702,98175,0.343497184803709
226704,98175,0.240826323628426
231365,98175,0.847197328461334
307549,98175,0.390931336209178
307597,98175,0.782528062118217
307598,98175,0.974970035953447
307599,98175,0.81150047830306
314220,98175,0.416808072477579
393252,98175,0.267780170310289
393263,98175,0.0888819601386786
393270,98175,0.463972371304408
397155,98175,0.685006976826116
397204,98175,0.709183514351025
410388,98175,0.966056724311784
410389,98175,0.103084584930912
410400,98175,0.855210245819762
410407,98175,0.00271882954984903
410417,98175,0.637461931910366
410419,98175,0.699364287313074
410420,98175,0.140570961404592
410430,98175,0.413835857296363
410432,98175,0.762535724788904
410438,98175,0.841666676336899
445530,98175,0.945574240991846
122811,100049,0.769369084388018
142633,100049,0.0888619152829051
205539,100049,0.590698603307828
411641,100049,0.419782233657315
411647,100049,0.927994839381427
436328,100049,0.619314149953425
654578,100049,0.736692650709301
415888,102801,0.1238934523426
106990,104607,0.284230065764859
107479,104607,0.52234092913568
117045,104607,0.551760147092864
195309,104607,0.527808322105557
107309,106990,0.380612454609945
107479,106990,0.0170402340590954
117045,106990,0.74775073537603
157665,106990,0.56806770991534
195309,106990,0.0445044438820332
357977,106990,0.840676992200315
107900,107309,0.664445169270039
112156,107479,0.43744123307988
117045,107479,0.291408697143197
112156,112149,0.0357506242580712
117045,112156,0.223314008442685
157665,112156,0.341446850216016
177445,112183,0.646872341865674
178386,112183,0.780808690702543
178939,112183,0.472465828992426
251423,112183,0.356013569515198
125384,118231,0.906217228388414
142633,118231,0.100116366520524
226605,118231,0.31091648247093
411647,118231,0.772615257417783
429935,118231,0.0721172210760415
226546,122058,0.0443000886589289
431487,122234,0.129093278897926
431489,122234,0.51723100640811
411647,122811,0.47853297740221
177445,123339,0.0420075883157551
251423,123339,0.984610038110986
315334,123339,0.311238242313266
433670,123339,0.0386107629165053
125843,123823,0.610674998955801
142633,125384,0.722471706802025
205539,125384,0.756779323332012
305454,125384,0.745772184338421
391166,125384,0.44804287655279
411641,125384,0.878186938120052
429935,125384,0.496768899494782
436328,125384,0.572805921081454
436329,125384,0.838354548206553
436332,125384,0.177730049006641
436334,125384,0.413363140309229
436339,125384,0.576959701254964
436340,125384,0.0738646755926311
436344,125384,0.42466263496317
436354,125384,0.501328189624473
436360,125384,0.398429748602211
224769,126038,0.924304103944451
390883,126038,0.792475303402171
436935,126038,0.0906186527572572
139727,126912,0.518243371509016
176663,129741,0.17886117240414
441540,131054,0.227879211306572
188782,132720,0.490136856678873
237315,133240,0.85511061642319
178144,134042,0.0118389411363751
448451,139155,0.298579581314698
448455,139155,0.382119226269424
449941,141613,0.656306981341913
155501,142190,0.0627236745785922
224756,142190,0.481729533290491
391166,142633,0.539761650143191
411647,142633,0.0943658140022308
429935,142633,0.589283586479723
436328,142633,0.894081250065938
436334,142633,0.184157392475754
224756,145236,0.0321256774477661
451952,145236,0.155464119510725
244136,145787,0.936471107648686
304351,145787,0.318796042352915
399348,153291,0.652465444523841
455543,153291,0.718359238700941
204230,154601,0.906757191056386
242580,154601,0.471467670518905
251423,154601,0.711034411331639
267701,154601,0.809138128068298
455543,154601,0.577315034111962
456324,154601,0.691442022100091
456328,154601,0.235735564026982
462343,162373,0.485907128080726
176663,165441,0.372484273510054
231071,165441,0.684738708427176
177445,167164,0.866298490203917
242580,167164,0.632403767202049
176663,167918,0.330551156075671
226567,170324,0.57081221207045
226605,170324,0.432209546677768
226641,170324,0.780102915829048
226655,170324,0.0634701231028885
226679,170324,0.994563587475568
226687,170324,0.0118415611796081
226704,170324,0.466403717175126
307593,170324,0.0261317193508148
307595,170324,0.901428582146764
307598,170324,0.121497476939112
307599,170324,0.856875630328432
314220,170324,0.804791069356725
393263,170324,0.338311236584559
393270,170324,0.0530012312810868
397196,170324,0.544050976401195
410407,170324,0.432544773444533
410419,170324,0.445140600670129
467803,170324,0.560784363886341
467808,170324,0.469010028988123
467809,170324,0.934632131364197
467811,170324,0.0075044275727123
231064,176663,0.0614703071769327
179202,177445,0.867289509391412
202280,177445,0.773992380825803
242580,177445,0.872030053287745
455543,177445,0.451467424863949
473916,177445,0.155732922023162
210145,177475,0.278190299170092
204230,179202,0.825284093152732
288930,179202,0.729300813749433
475529,179202,0.448537817923352
236306,179344,0.612692424096167
181002,181001,0.415431863628328
226606,183845,0.280022788327187
226634,183845,0.620439523365349
226637,183845,0.290707359090447
226638,183845,0.869600227335468
226651,183845,0.258476315066218
226655,183845,0.842765956651419
226670,183845,0.18352768314071
226672,183845,0.527678374899551
226683,183845,0.579299784498289
226690,183845,0.9357140280772
226697,183845,0.122095902450383
226704,183845,0.297296641394496
307593,183845,0.564801618922502
307599,183845,0.29579685209319
314220,183845,0.205972591647878
329076,183845,0.674991631181911
397155,183845,0.394892639480531
410388,183845,0.103123988956213
413967,183845,0.686263635056093
478785,183845,0.524519755272195
478791,183845,0.0309790982864797
184567,184537,0.567707261070609
479555,184690,0.756651317002252
395473,188782,0.804478361271322
202280,190454,0.528733507497236
204230,190454,0.519022148568183
483670,190454,0.48252021917142
219752,198782,0.225057432893664
208209,202280,0.584406855981797
322157,204230,0.451438539661467
391166,205539,0.0309841155540198
411641,205539,0.785323877120391
411647,205539,0.29094182443805
429935,205539,0.831980600487441
436334,205539,0.736243119696155
436354,205539,0.492568257497624
495725,206917,0.829425293486565
496018,207259,0.190645952709019
219325,219262,0.133486884413287
219309,219290,0.989343095105141
219761,219752,0.525917056482285
226605,226567,0.385497984476388
226637,226567,0.344492801465094
226641,226567,0.16211963747628
226680,226567,0.362541815964505
226683,226567,0.982644775649533
226687,226567,0.152390090515837
307549,226567,0.759489647345617
307593,226567,0.76196953211911
307595,226567,0.811952574644238
307597,226567,0.42271257401444
307598,226567,0.578598385676742
307599,226567,0.298385618487373
393263,226567,0.562034598551691
397204,226567,0.872064560418949
410420,226567,0.490791194606572
467809,226567,0.619843964930624
467811,226567,0.991652348544449
508565,226567,0.0976930521428585
654578,226567,0.799267832189798
307593,226570,0.860652521252632
226605,226604,0.0439370095264167
226606,226604,0.120249178726226
226629,226604,0.0941367282066494
226641,226604,0.59670192329213
226655,226604,0.464859320549294
226659,226604,0.375352055300027
226674,226604,0.0122645406518131
226680,226604,0.846770056290552
226683,226604,0.510879310313612
226687,226604,0.933364871656522
226690,226604,0.00676140794530511
226701,226604,0.465091904392466
226702,226604,0.55726823117584
226704,226604,0.489985610824078
307593,226604,0.119110330706462
307598,226604,0.976651664823294
314220,226604,0.464418705319986
393263,226604,0.151483568130061
393270,226604,0.265585479559377
397155,226604,0.23715012636967
397196,226604,0.667350394884124
410419,226604,0.318969778716564
478791,226604,0.824371611932293
508558,226604,0.674774140585214
508565,226604,0.747153908479959
508568,226604,0.461740971077234
508570,226604,0.210812729317695
508576,226604,0.66612270870246
508577,226604,0.0302518345415592
508671,226604,0.455080474726856
544671,226604,0.726894842460752
226659,226605,0.148536510998383
226679,226605,0.336112756282091
226680,226605,0.981852074386552
307549,226605,0.202270301058888
307593,226605,0.234114542603493
393263,226605,0.482346523785964
397155,226605,0.442402584245428
397196,226605,0.0228459471836686
413967,226605,0.0922981896437705
508558,226605,0.0871991112362593
226651,226606,0.397095765918493
307593,226606,0.24110103957355
307599,226606,0.38257699739188
314220,226606,0.94133062264882
329059,226606,0.975683302851394
226651,226611,0.758904147194698
226655,226611,0.269144050078467
226690,226611,0.914754666155204
307593,226611,0.57476076646708
307598,226611,0.28432388859801
307599,226611,0.460674049099907
413967,226611,0.958854030119255
445530,226611,0.958743313793093
508558,226611,0.277547401376069
508601,226611,0.685816079843789
654578,226622,0.236737674335018
226655,226629,0.323414565064013
226683,226629,0.0181998517364264
226704,226629,0.0909716233145446
307592,226629,0.731768516125157
307593,226629,0.71056084218435
307595,226629,0.520679169101641
467809,226629,0.183962341398001
654582,226629,0.198848957428709
226651,226634,0.333367716753855
226655,226634,0.00906449276953936
307593,226634,0.503594777081162
226651,226637,0.744089354062453
226683,226637,0.179614587919787
314220,226637,0.514555709436536
393269,226637,0.299560209969059
408570,226637,0.31590823084116
413967,226637,0.617908574640751
654578,226637,0.661341497674584
226655,226641,0.0124248915817589
226659,226641,0.591759894508868
226680,226641,0.323202675674111
307593,226641,0.540006302529946
393263,226641,0.118249152554199
393270,226641,0.413300721673295
397155,226641,0.439130160957575
478791,226641,0.113422237569466
508978,226641,0.383545811055228
226655,226651,0.445056402357295
226687,226651,0.649786073248833
226690,226651,0.290940479841083
226704,226651,0.859173133736476
307593,226651,0.37394776311703
307595,226651,0.766716993181035
307599,226651,0.810938652371988
314220,226651,0.597057548817247
329059,226651,0.969590116059408
393263,226651,0.852147493278608
393270,226651,0.699979887111112
397196,226651,0.949088372755796
397204,226651,0.578736234689131
410420,226651,0.280547989765182
445530,226651,0.311882400186732
508565,226651,0.986277702264488
508625,226651,0.569690521107987
654582,226651,0.778151960810646
226672,226655,0.950591253582388
226674,226655,0.909838679013774
226680,226655,0.313039839500561
226683,226655,0.443936006864533
226690,226655,0.556741702370346
226697,226655,0.953229322331026
226701,226655,0.127539512002841
226704,226655,0.325168878538534
307593,226655,0.858638528268784
307595,226655,0.387440356425941
307597,226655,0.87180705415085
307598,226655,0.915785332676023
307599,226655,0.353963111294433
314220,226655,0.25625248090364
329059,226655,0.0860210657119751
397196,226655,0.82962361164391
410407,226655,0.722843875177205
410419,226655,0.224386886227876
410420,226655,0.269880747189745
467811,226655,0.477339869365096
508613,226655,0.885724551044405
579825,226655,0.535883465781808
654578,226655,0.79765411419794
307593,226658,0.964805369032547
467809,226658,0.473168081603944
410420,226659,0.203372498275712
467809,226659,0.562199971172959
226687,226670,0.337758549489081
307593,226670,0.0257865369785577
467809,226670,0.433173016179353
576815,226670,0.578122266102582
307593,226672,0.389820091193542
307598,226672,0.580363409593701
467811,226672,0.0157441676128656
508570,226672,0.607240170473233
226687,226674,0.327487898059189
307593,226674,0.317467360524461
307599,226674,0.548331430647522
226697,226676,0.84311711974442
226704,226676,0.000350043177604675
307598,226676,0.258156596682966
410419,226676,0.476355218328536
307598,226679,0.676181464688852
397196,226679,0.153783447807655
307593,226680,0.827692135469988
307598,226680,0.244996450608596
397155,226680,0.72675318387337
397196,226680,0.934077733661979
410419,226680,0.734414291800931
508613,226680,0.409856538753957
508704,226680,0.30551425437443
226687,226683,0.615027110325173
226690,226683,0.119213765254244
226699,226683,0.605548528023064
307593,226683,0.906681045657024
307595,226683,0.0463953495491296
307598,226683,0.866927464026958
307599,226683,0.283832646440715
314220,226683,0.287844088161364
393252,226683,0.608633323572576
393263,226683,0.966471692314371
393270,226683,0.0428599957376719
410388,226683,0.73609774839133
410420,226683,0.633646204834804
226697,226687,0.286580657586455
226704,226687,0.611474091187119
307593,226687,0.731754700187594
307595,226687,0.17412977758795
307598,226687,0.990544997388497
314220,226687,0.805902360007167
393270,226687,0.385824565542862
410420,226687,0.223562594503164
508613,226687,0.719539323123172
307593,226690,0.55833968706429
307598,226690,0.105711339507252
393270,226690,0.538337398087606
410420,226690,0.192475331714377
413967,226690,0.725344724021852
467803,226690,0.511525711975992
508616,226690,0.152800197480246
654578,226690,0.926115770125762
307593,226697,0.152376402169466
307595,226697,0.117490147938952
307599,226697,0.186178022064269
329076,226697,0.512507768813521
393263,226697,0.551484505878761
478791,226697,0.842077804030851
231365,226699,0.837012209231034
307593,226699,0.547557401238009
307593,226701,0.454035901930183
413967,226701,0.471411873120815
478785,226701,0.67398603213951
478791,226701,0.604177214903757
508589,226701,0.632981172064319
307593,226702,0.584761647274718
307595,226702,0.272159400396049
307598,226702,0.929473477648571
467809,226702,0.075077717192471
307592,226704,0.766019199276343
307593,226704,0.0364894361700863
307595,226704,0.755515803582966
307598,226704,0.138250664575025
307599,226704,0.32188260438852
329076,226704,0.797486736206338
393270,226704,0.170116523979232
410419,226704,0.545944439712912
467803,226704,0.140949274646118
467811,226704,0.447035406250507
654578,226704,0.824723987840116
231071,231070,0.843157503753901
329076,231365,0.755168180447072
410400,231365,0.33152188337408
231858,231852,0.760807160986587
327794,233939,0.0496543953195214
513064,233939,0.548069733427837
553533,233939,0.249774526339024
304351,237073,0.499690287513658
515186,237315,0.190822922857478
355876,237456,0.275021814275533
251423,242580,0.38267887220718
304351,244136,0.285868554608896
517716,244136,0.0488799426238984
517717,244136,0.201554350089282
251427,251423,0.13625041116029
315334,251423,0.551759667228907
520839,252195,0.684293694328517
355876,252210,0.385502498596907
262397,262394,0.140857078367844
262398,262394,0.365100071998313
262400,262394,0.580565965501592
534051,281615,0.263949366053566
436354,305454,0.571872509783134
307593,307549,0.811539279064164
307598,307549,0.39321180479601
329059,307549,0.199397681513801
413967,307549,0.52463918668218
544728,307549,0.0761074759066105
576815,307549,0.295665762852877
307598,307592,0.278733648825437
410419,307592,0.0675190649926662
654578,307592,0.26711006113328
307595,307593,0.388464479707181
307598,307593,0.225210684118792
307599,307593,0.530807498376817
314220,307593,0.346492604119703
393263,307593,0.728488150984049
393269,307593,0.706753901671618
393270,307593,0.32217930094339
397155,307593,0.778189726406708
397204,307593,0.771365922875702
410407,307593,0.68698327569291
410420,307593,0.561071371193975
467811,307593,0.154079595347866
478785,307593,0.155166811542585
478791,307593,0.907026051077992
508558,307593,0.509162304922938
508613,307593,0.604919136269018
508671,307593,0.139407369075343
508704,307593,0.106612795032561
544702,307593,0.952454050537199
544703,307593,0.893612436484545
544704,307593,0.558459303574637
307598,307595,0.525269846664742
307599,307595,0.399421413429081
410407,307595,0.212812381098047
410419,307595,0.808488185051829
410420,307595,0.0665513894055039
413967,307595,0.138928671600297
307598,307597,0.350016861455515
307599,307597,0.631015008781105
397196,307597,0.057808760786429
508613,307597,0.28067413950339
654582,307597,0.201769998297095
307599,307598,0.530822110362351
314220,307598,0.613645801087841
393263,307598,0.269711358938366
393270,307598,0.0423727629240602
397155,307598,0.63098624185659
397196,307598,0.939018425764516
397204,307598,0.764591895742342
410419,307598,0.737706240732223
410420,307598,0.285559998359531
445530,307598,0.335962196113542
467803,307598,0.638173537096009
467809,307598,0.103530320571736
467811,307598,0.872244645142928
508576,307598,0.468684512190521
508577,307598,0.124818289652467
508589,307598,0.394568601623178
508613,307598,0.194166269619018
508704,307598,0.453879439970478
544725,307598,0.552955089602619
544728,307598,0.830668256385252
579825,307598,0.85279629053548
329059,307599,0.134818169986829
329076,307599,0.98086138186045
393270,307599,0.709031685255468
397196,307599,0.769334490410984
410407,307599,0.179849636508152
445530,307599,0.829714852385223
451964,307599,0.318678279872984
467811,307599,0.396846011513844
508576,307599,0.362561981193721
508704,307599,0.441597691038623
544671,307599,0.844537586905062
393263,314220,0.28338406374678
393269,314220,0.561438053613529
397196,314220,0.973471879260615
410420,314220,0.201751898275688
467811,314220,0.714288618881255
553533,327794,0.801692690001801
553543,327794,0.118930272525176
393252,329059,0.818789878627285
410388,329059,0.0693976194597781
654578,329059,0.247514715883881
564635,346329,0.00390214333310723
562447,351155,0.775423411279917
517114,360058,0.544551162282005
411641,391166,0.166117534739897
411647,391166,0.369770675897598
393270,393263,0.622281468007714
410420,393263,0.249292681924999
575655,393263,0.318857915233821
397196,393270,0.656380045693368
397204,393270,0.417773979716003
445530,393270,0.140409504761919
467803,393270,0.112502782139927
508589,393270,0.255642740987241
575636,393270,0.930790446465835
654578,393270,0.175562550779432
654582,393270,0.50457125948742
397196,397155,0.750401656609029
410432,397155,0.103511536261067
467803,397155,0.706462597008795
654578,397155,0.0316963896621019
654582,397155,0.245670832926407
397204,397196,0.974056927254423
410419,397196,0.949417150812224
410420,397196,0.410411154618487
508704,397196,0.319390740478411
467803,397204,0.162175589939579
577778,400787,0.0102805928327143
577779,400787,0.675593365682289
478791,410388,0.0445067998953164
410419,410407,0.306989722885191
467809,410407,0.1354248104617
508613,410407,0.453380564460531
411641,410419,0.63737984164618
467809,410419,0.755470527568832
508577,410419,0.520707609830424
579825,410419,0.529250773368403
445530,410420,0.414913413347676
467811,410420,0.670835840748623
654578,410420,0.0129700421821326
654582,410432,0.889517680509016
411647,411641,0.232808965956792
429935,411641,0.484998418949544
436328,411641,0.88285588985309
436334,411641,0.754952455637977
436354,411641,0.857594285858795
429935,411647,0.43847484444268
436328,411647,0.446287267841399
436334,411647,0.601605623727664
436354,411647,0.260130210313946
582941,424951,0.302756310673431
436334,429935,0.996946591651067
436354,429935,0.0169220147654414
436334,436328,0.623616838362068
436354,436334,0.4072462588083
588106,441540,0.0752800479531288
462343,443534,0.0272489218041301
508589,445530,0.209290642291307
599814,483362,0.774339829571545
603362,496018,0.107061912072822
508723,508558,0.310717188986018
654578,508565,0.514672020450234
654578,508589,0.75462610903196
654578,508612,0.0115886221174151
654582,508613,0.497475265758112
608956,520839,0.333086891798303
608957,520839,0.681477315723896
599218,548818,0.63480111444369
577779,577778,0.294918363681063
654582,654578,0.773377429926768
